variant_rsid,gene,allele_name,drug_name,drug_class,primary_adr,adr_severity,risk_ratio,evidence_level,global_maf,eur_af,afr_af,eas_af,sas_af,amr_af,pharmgkb_variant_id,pharmgkb_annotation_id,source,last_updated,meta_analysis_id,pmid,ci_lower,ci_upper,rr_source,genetic_model,haplotype_group
rs1799853,CYP2C9,*2,Warfarin,Anticoagulant,Major Bleeding,Life-threatening,2.05,1A,0.12,0.13,0.02,0.0,0.07,0.08,PA166153972,,Meta-analysis,2026-03-23T23:07:23.768365+00:00,MA008,23800783,1.36,3.1,meta-analysis,multiplicative,CYP2C9_star2
rs1057910,CYP2C9,*3,Warfarin,Anticoagulant,Major Bleeding,Life-threatening,3.12,1A,0.06,0.07,0.01,0.04,0.1,0.04,PA166153959,,Meta-analysis,2026-03-23T23:07:23.768365+00:00,MA009,23800783,1.38,17.14,meta-analysis,multiplicative,CYP2C9_star3
rs9923231,VKORC1,-1639G>A,Warfarin,Anticoagulant,Dose Sensitivity (Bleeding if unadjusted),Severe,2.14,1A,0.39,0.4,0.11,0.92,0.34,0.35,PA166155091,,Meta-analysis,2026-03-23T23:07:23.768365+00:00,MA011,23800783,1.75,2.62,meta-analysis,multiplicative,VKORC1_1639
rs4149056,SLCO1B1,*5,Simvastatin,Statin,Myopathy/Rhabdomyolysis,Severe,4.5,1A,0.08,0.15,0.02,0.11,0.04,0.09,PA166154579,,Meta-analysis,2026-03-23T23:07:23.768365+00:00,MA004,18650507,2.6,7.7,meta-analysis,multiplicative,SLCO1B1_star5
rs4149056,SLCO1B1,*5,Atorvastatin,Statin,Myopathy,Moderate,2.0,2A,0.08,0.15,0.02,0.11,0.04,0.09,PA166154579,,Meta-analysis,2026-03-23T23:07:23.768365+00:00,MA007,31636355,1.11,3.52,meta-analysis,multiplicative,SLCO1B1_star5
rs4149056,SLCO1B1,*5,Rosuvastatin,Statin,Myopathy,Moderate,1.6,2A,0.08,0.15,0.02,0.11,0.04,0.09,PA166154579,,Meta-analysis,2026-03-23T23:07:23.768365+00:00,MA007,31636355,1.2,2.16,meta-analysis,multiplicative,SLCO1B1_star5
rs4244285,CYP2C19,*2,Clopidogrel,Antiplatelet,Major Cardiovascular Events,Life-threatening,1.57,1A,0.22,0.15,0.17,0.3,0.33,0.12,PA166154053,,Meta-analysis,2026-03-23T23:07:23.768365+00:00,MA001,20801498,1.13,2.16,meta-analysis,multiplicative,CYP2C19_star2
rs4986893,CYP2C19,*3,Clopidogrel,Antiplatelet,Major Cardiovascular Events,Life-threatening,1.57,1A,0.01,0.0,0.0,0.06,0.01,0.0,PA166154070,,Meta-analysis,2026-03-23T23:07:23.768365+00:00,MA001,20801498,1.13,2.16,meta-analysis,multiplicative,CYP2C19_star3
rs12248560,CYP2C19,*17,Clopidogrel,Antiplatelet,Bleeding,Severe,1.52,2A,0.21,0.21,0.24,0.04,0.16,0.15,PA166154147,,Meta-analysis,2026-03-23T23:07:23.768365+00:00,MA003,36450637,,,meta-analysis,multiplicative,CYP2C19_star17
rs4244285,CYP2C19,*2,Escitalopram,SSRI,Treatment Failure/ADR,Clinical Impact,3.30,1A,0.22,0.15,0.17,0.3,0.33,0.12,PA166154053,,Meta-analysis,2026-04-01T16:00:00+00:00,,25974703,1.60,6.80,literature,multiplicative,CYP2C19_star2
rs4244285,CYP2C19,*2,Sertraline,SSRI,Treatment Failure/ADR,Clinical Impact,1.50,1A,0.22,0.15,0.17,0.3,0.33,0.12,PA166154053,,CPIC-guideline,2026-04-01T16:00:00+00:00,,25974703,1.05,2.14,literature,multiplicative,CYP2C19_star2
rs4244285,CYP2C19,*2,Citalopram,SSRI,Treatment Failure/QT Prolongation,Severe,1.60,1A,0.22,0.15,0.17,0.3,0.33,0.12,PA166154053,,CPIC-guideline,2026-04-01T16:00:00+00:00,,25974703,1.10,2.33,literature,multiplicative,CYP2C19_star2
rs4244285,CYP2C19,*2,Voriconazole,Antifungal,Supratherapeutic Levels,Severe,2.00,1A,0.22,0.15,0.17,0.3,0.33,0.12,PA166154053,,CPIC-guideline,2026-04-01T16:00:00+00:00,,27388292,1.30,3.08,literature,multiplicative,CYP2C19_star2
rs4244285,CYP2C19,*2,Omeprazole,PPI,Increased Exposure,Clinical Impact,1.35,1A,0.22,0.15,0.17,0.3,0.33,0.12,PA166154053,,CPIC-guideline,2026-04-01T16:00:00+00:00,,25974703,1.10,1.65,literature,multiplicative,CYP2C19_star2
rs4244285,CYP2C19,*2,Lansoprazole,PPI,Increased Exposure,Clinical Impact,1.35,1A,0.22,0.15,0.17,0.3,0.33,0.12,PA166154053,,CPIC-guideline,2026-04-01T16:00:00+00:00,,25974703,1.10,1.65,literature,multiplicative,CYP2C19_star2
rs12248560,CYP2C19,*17,Voriconazole,Antifungal,Treatment Failure,Clinical Impact,5.60,1A,0.21,0.21,0.24,0.04,0.16,0.15,PA166154147,,Meta-analysis,2026-04-01T16:00:00+00:00,,28306618,1.64,19.24,literature,multiplicative,CYP2C19_star17
rs3892097,CYP2D6,*4,Codeine,Opioid,Treatment Failure (Analgesic),Clinical Impact,2.0,1A,0.12,0.19,0.07,0.01,0.09,0.11,PA166156104,,Meta-analysis,2026-03-23T23:07:23.768365+00:00,,28520350,,,meta-analysis,multiplicative,CYP2D6_star4
rs3892097,CYP2D6,*4,Tramadol,Opioid,Treatment Failure (Analgesic),Clinical Impact,2.70,1A,0.12,0.19,0.07,0.01,0.09,0.11,PA166156104,,Literature,2026-04-01T16:00:00+00:00,,25974703,1.30,5.60,literature,multiplicative,CYP2D6_star4
rs3892097,CYP2D6,*4,Tamoxifen,Anticancer,Reduced Efficacy/Recurrence,Severe,1.34,1A,0.12,0.19,0.07,0.01,0.09,0.11,PA166156104,,Meta-analysis,2026-03-23T23:07:23.768365+00:00,MA021,39540781,1.1,1.63,meta-analysis,multiplicative,CYP2D6_star4
rs3892097,CYP2D6,*4,Ondansetron,Antiemetic,Reduced Antiemetic Efficacy,Clinical Impact,1.40,2A,0.12,0.19,0.07,0.01,0.09,0.11,PA166156104,,CPIC-guideline,2026-04-01T16:00:00+00:00,,28306618,0.90,2.18,literature,multiplicative,CYP2D6_star4
rs5030655,CYP2D6,*6,Codeine,Opioid,Treatment Failure (Analgesic),Clinical Impact,2.0,1A,0.01,0.01,0.0,0.0,0.0,0.01,PA166156111,,Meta-analysis,2026-03-23T23:07:23.768365+00:00,,28520350,,,meta-analysis,multiplicative,CYP2D6_star6
rs1065852,CYP2D6,*10,Codeine,Opioid,Altered Response,Moderate,1.35,1B,0.2,0.04,0.06,0.43,0.2,0.08,PA166156062,,CPIC-guideline,2026-04-01T16:00:00+00:00,,22205836,1.05,1.74,literature,multiplicative,CYP2D6_star10
rs1065852,CYP2D6,*10,Tamoxifen,Anticancer,Reduced Efficacy,Severe,1.34,1A,0.2,0.04,0.06,0.43,0.2,0.08,PA166156062,,Meta-analysis,2026-03-23T23:07:23.768365+00:00,MA021,39540781,1.1,1.63,meta-analysis,multiplicative,CYP2D6_star10
rs16947,CYP2D6,*2,Codeine,Opioid,Ultra-rapid Metabolism Toxicity,Severe,1.45,2A,0.33,0.28,0.5,0.15,0.35,0.35,PA166156031,,CPIC-guideline,2026-04-01T16:00:00+00:00,,22205836,1.05,2.00,literature,multiplicative,CYP2D6_star2
rs28399504,CYP2D6,*4N,Atomoxetine,ADHD,Increased Side Effects,Moderate,1.70,1A,0.12,0.19,0.07,0.01,0.09,0.11,PA166154177,,CPIC-guideline,2026-04-01T16:00:00+00:00,,18070221,1.10,2.63,literature,multiplicative,CYP2D6_star4
rs3745274,CYP2B6,*6,Efavirenz,Antiretroviral,CNS Toxicity,Severe,1.67,1A,0.28,0.26,0.45,0.2,0.22,0.25,PA166155409,,Meta-analysis,2026-03-23T23:07:23.768365+00:00,MA019,31636355,1.15,2.44,meta-analysis,multiplicative,CYP2B6_star6
rs3745274,CYP2B6,*6,Methadone,Opioid,QT Prolongation,Severe,1.55,2B,0.28,0.26,0.45,0.2,0.22,0.25,PA166155409,,Literature,2026-04-01T16:00:00+00:00,,25950993,1.05,2.29,literature,multiplicative,CYP2B6_star6
rs776746,CYP3A5,*3,Tacrolimus,Immunosuppressant,Nephrotoxicity,Severe,1.8,1A,0.65,0.93,0.32,0.73,0.67,0.77,PA166157267,,Meta-analysis,2026-03-23T23:07:23.768365+00:00,MA022,25201288,,,meta-analysis,multiplicative,CYP3A5_star3
rs776746,CYP3A5,*3,Cyclosporine,Immunosuppressant,Nephrotoxicity,Moderate,1.45,2B,0.65,0.93,0.32,0.73,0.67,0.77,PA166157267,,Literature,2026-04-01T16:00:00+00:00,,21412232,0.95,2.21,literature,multiplicative,CYP3A5_star3
rs2108622,CYP4F2,*3,Warfarin,Anticoagulant,Dose Adjustment Needed,Moderate,1.35,1B,0.22,0.28,0.08,0.25,0.2,0.19,PA166155381,,Meta-analysis,2026-04-01T16:00:00+00:00,,21961448,1.11,1.64,literature,multiplicative,CYP4F2_star3
rs1800460,TPMT,*3B,Mercaptopurine,Anticancer,Myelosuppression,Life-threatening,3.90,1A,0.01,0.01,0.01,0.0,0.01,0.01,PA166156992,,Meta-analysis,2026-04-01T16:00:00+00:00,,31342537,2.30,6.60,literature,activity_score,TPMT_star3
rs1142345,TPMT,*3C,Mercaptopurine,Anticancer,Myelosuppression,Life-threatening,3.90,1A,0.03,0.03,0.05,0.02,0.03,0.03,PA166156978,,Meta-analysis,2026-04-01T16:00:00+00:00,,31342537,2.30,6.60,literature,activity_score,TPMT_star3
rs1800460,TPMT,*3B,Azathioprine,Immunosuppressant,Myelosuppression,Life-threatening,3.90,1A,0.01,0.01,0.01,0.0,0.01,0.01,PA166156992,,Meta-analysis,2026-04-01T16:00:00+00:00,,31342537,2.30,6.60,literature,activity_score,TPMT_star3
rs1142345,TPMT,*3C,Azathioprine,Immunosuppressant,Myelosuppression,Life-threatening,3.90,1A,0.03,0.03,0.05,0.02,0.03,0.03,PA166156978,,Meta-analysis,2026-04-01T16:00:00+00:00,,31342537,2.30,6.60,literature,activity_score,TPMT_star3
rs1800460,TPMT,*3B,Thioguanine,Anticancer,Myelosuppression,Life-threatening,3.90,1A,0.01,0.01,0.01,0.0,0.01,0.01,PA166156992,,Meta-analysis,2026-04-01T16:00:00+00:00,,31342537,2.30,6.60,literature,activity_score,TPMT_star3
rs116855232,NUDT15,*3,Mercaptopurine,Anticancer,Myelosuppression,Life-threatening,9.00,1A,0.04,0.0,0.0,0.1,0.04,0.02,PA166154759,,Meta-analysis,2026-04-01T16:00:00+00:00,,35002700,3.73,21.74,literature,activity_score,NUDT15_star3
rs116855232,NUDT15,*3,Azathioprine,Immunosuppressant,Myelosuppression,Life-threatening,9.00,1A,0.04,0.0,0.0,0.1,0.04,0.02,PA166154759,,Meta-analysis,2026-04-01T16:00:00+00:00,,35002700,3.73,21.74,literature,activity_score,NUDT15_star3
rs3918290,DPYD,*2A,Fluorouracil,Anticancer,Severe Toxicity/Death,Life-threatening,2.54,1A,0.01,0.01,0.0,0.0,0.01,0.01,PA166153760,,Meta-analysis,2026-03-23T23:07:23.768365+00:00,MA012,27296574,2.15,3.0,meta-analysis,activity_score,DPYD_star2A
rs55886062,DPYD,*13,Fluorouracil,Anticancer,Severe Toxicity,Life-threatening,5.50,1A,0.0,0.0,0.0,0.0,0.0,0.0,PA166153888,,CPIC-guideline,2026-04-01T16:00:00+00:00,,27296574,1.60,18.90,literature,activity_score,DPYD_star13
rs67376798,DPYD,D949V,Fluorouracil,Anticancer,Severe Toxicity,Severe,9.10,1A,0.01,0.01,0.0,0.0,0.0,0.01,PA166153895,,Literature,2026-04-01T16:00:00+00:00,,23988873,3.43,24.10,literature,activity_score,DPYD_D949V
rs3918290,DPYD,*2A,Capecitabine,Anticancer,Severe Toxicity/Death,Life-threatening,6.44,1A,0.01,0.01,0.0,0.0,0.01,0.01,PA166153760,,Meta-analysis,2026-04-01T16:00:00+00:00,,27296574,3.20,12.96,literature,activity_score,DPYD_star2A
rs887829,UGT1A1,*80,Atazanavir,Antiretroviral,Hyperbilirubinemia/Jaundice,Moderate,2.40,1A,0.33,0.32,0.42,0.15,0.33,0.3,PA166155607,,CPIC-guideline,2026-04-01T16:00:00+00:00,,26417955,1.60,3.60,literature,activity_score,UGT1A1_star80
rs8175347,UGT1A1,*28,Irinotecan,Anticancer,Neutropenia/Diarrhea,Severe,2.15,1A,0.32,0.32,0.42,0.15,0.33,0.3,PA166159020,,Meta-analysis,2026-04-01T16:00:00+00:00,,28367249,1.71,2.70,literature,activity_score,UGT1A1_star28
rs2032582,ABCB1,G2677T/A,Methotrexate,Anticancer,Toxicity,Moderate,1.45,2B,0.42,0.42,0.45,0.4,0.38,0.47,PA166157316,,Literature,2026-04-01T16:00:00+00:00,,21412232,1.01,2.08,literature,multiplicative,ABCB1_G2677
rs1045642,ABCB1,C3435T,Digoxin,Cardiac Glycoside,Toxicity,Severe,1.55,2B,0.48,0.52,0.16,0.6,0.45,0.4,PA166157284,,Literature,2026-04-01T16:00:00+00:00,,12815591,1.10,2.18,literature,multiplicative,ABCB1_C3435
rs4148323,UGT1A1,*6,Irinotecan,Anticancer,Neutropenia,Severe,1.85,1B,0.04,0.0,0.0,0.13,0.02,0.01,PA166155721,,Meta-analysis,2026-04-01T16:00:00+00:00,,39174092,1.30,2.64,literature,activity_score,UGT1A1_star6
rs2279343,CYP2B6,*4,Efavirenz,Antiretroviral,Treatment Failure,Clinical Impact,1.40,2A,0.04,0.04,0.05,0.02,0.03,0.04,PA166155393,,Literature,2026-04-01T16:00:00+00:00,,19300499,0.90,2.18,literature,multiplicative,CYP2B6_star4
rs1801133,MTHFR,C677T,Methotrexate,Anticancer,Toxicity,Moderate,1.62,2B,0.3,0.35,0.1,0.33,0.14,0.44,PA166153644,,Meta-analysis,2026-04-01T16:00:00+00:00,,24794492,1.19,2.20,literature,multiplicative,MTHFR_C677T
rs1801131,MTHFR,A1298C,Methotrexate,Anticancer,Toxicity,Moderate,1.12,3,0.25,0.3,0.12,0.2,0.18,0.3,PA166153643,,Meta-analysis,2026-04-01T16:00:00+00:00,,19280456,0.79,1.60,literature,multiplicative,MTHFR_A1298C
rs2306283,SLCO1B1,*1b,Methotrexate,Anticancer,Reduced Clearance,Moderate,1.40,2B,0.42,0.4,0.7,0.45,0.38,0.35,PA166154547,,Literature,2026-04-01T16:00:00+00:00,,21412232,0.95,2.06,literature,multiplicative,SLCO1B1_star1b
rs1051266,SLC19A1,80G>A,Methotrexate,Anticancer,Toxicity/Reduced Efficacy,Moderate,1.30,3,0.45,0.44,0.5,0.42,0.46,0.43,PA166155986,,Literature,2026-04-01T16:00:00+00:00,,25023327,0.90,1.88,literature,multiplicative,SLC19A1_80GA
rs1050828,G6PD,A-,Rasburicase,Antigout,Hemolytic Anemia,Life-threatening,8.00,1A,0.08,0.0,0.2,0.0,0.02,0.04,PA166157859,,CPIC-guideline,2026-04-01T16:00:00+00:00,,24787449,4.00,16.00,literature,x_linked,G6PD_Aminus
rs1050828,G6PD,A-,Dapsone,Antibiotic,Hemolytic Anemia,Severe,4.00,1B,0.08,0.0,0.2,0.0,0.02,0.04,PA166157859,,CPIC-guideline,2026-04-01T16:00:00+00:00,,24787449,2.00,8.00,literature,x_linked,G6PD_Aminus
rs1050828,G6PD,A-,Chloroquine,Antimalarial,Hemolytic Anemia,Severe,1.50,1B,0.08,0.0,0.2,0.0,0.02,0.04,PA166157859,,CPIC-guideline,2026-04-01T16:00:00+00:00,,24787449,0.80,2.82,literature,x_linked,G6PD_Aminus
rs12979860,IFNL3,rs12979860,Peginterferon alfa-2a,Antiviral,Treatment Failure,Clinical Impact,2.39,1A,0.34,0.37,0.24,0.07,0.25,0.36,PA166155468,,Meta-analysis,2026-04-01T16:00:00+00:00,,19710631,1.19,3.81,literature,multiplicative,IFNL3_12979860
rs2476601,PTPN22,R620W,Peginterferon alfa-2b,Antiviral,Thyroid ADR,Moderate,1.55,3,0.07,0.1,0.01,0.0,0.03,0.05,PA166153706,,Literature,2026-04-01T16:00:00+00:00,,20622899,0.90,2.67,literature,multiplicative,PTPN22_R620W
rs1799971,OPRM1,A118G,Codeine,Opioid,Altered Response,Moderate,1.30,2B,0.16,0.15,0.03,0.4,0.19,0.14,PA166156991,,Meta-analysis,2026-04-01T16:00:00+00:00,,25316499,1.05,1.61,literature,multiplicative,OPRM1_A118G
rs2032582,ABCB1,G2677T/A,Tacrolimus,Immunosuppressant,Altered Exposure,Moderate,1.35,2B,0.42,0.42,0.45,0.4,0.38,0.47,PA166157316,,Literature,2026-04-01T16:00:00+00:00,,21412232,0.90,2.03,literature,multiplicative,ABCB1_G2677
rs1045642,ABCB1,C3435T,Tacrolimus,Immunosuppressant,Altered Exposure,Moderate,1.35,2B,0.48,0.52,0.16,0.6,0.45,0.4,PA166157284,,Literature,2026-04-01T16:00:00+00:00,,21412232,0.90,2.03,literature,multiplicative,ABCB1_C3435
rs1057910,CYP2C9,*3,Phenytoin,Antiepileptic,Toxicity/SJS Risk,Severe,8.93,1A,0.06,0.07,0.01,0.04,0.1,0.04,PA166153959,,Meta-analysis,2026-04-01T16:00:00+00:00,,29905973,2.63,30.36,literature,multiplicative,CYP2C9_star3
rs1799853,CYP2C9,*2,Celecoxib,NSAID,GI Adverse Events,Moderate,1.86,2A,0.12,0.13,0.02,0.0,0.07,0.08,PA166153972,,Meta-analysis,2026-04-01T16:00:00+00:00,,31636355,1.22,2.83,literature,multiplicative,CYP2C9_star2
rs1057910,CYP2C9,*3,Celecoxib,NSAID,GI Adverse Events/Bleeding,Moderate,1.90,2A,0.06,0.07,0.01,0.04,0.1,0.04,PA166153959,,Meta-analysis,2026-04-01T16:00:00+00:00,,31636355,1.28,2.82,literature,multiplicative,CYP2C9_star3
rs9934438,VKORC1,1173C>T,Acenocoumarol,Anticoagulant,Dose Sensitivity (Bleeding if unadjusted),Severe,1.82,1A,0.39,0.41,0.1,0.92,0.34,0.35,PA166155096,,Literature,2026-04-01T16:00:00+00:00,,23800783,1.40,2.37,literature,multiplicative,VKORC1_1173
